Prompt Number,title,Prompt,dataset,library,view_type
1,scatterplot,"Now you have the dataset in CSV format: https://gist.githubusercontent.com/FFFFFancy/8401c4fbc9fa979f342598b002449931/raw/9cb3aef8b2bfe83a01e218193b6e03e8b89b5884/Coffee%2520Consumption.csv

The data table contains the following columns: Year, Country, Domestic Consumption,Exports,Import Price,Export Price,Total Production.
Your task is to create a Scatterplot that visualizes the relationship between Domestic Consumption and Exports.
Use the following visualization library: D3.
Use the following format:
code: (The code should be complete. And the HTML structure and code should be merged together.)
Please provide only the codes written in the specified library with no other words.
Hint: You can use the `d3.csv()` function to load data; when iterating over the data and converting data types, be sure to use square brackets to access property names that contain special characters (such as spaces or symbols).","https://gist.githubusercontent.com/FFFFFancy/8401c4fbc9fa979f342598b002449931/raw/9cb3aef8b2bfe83a01e218193b6e03e8b89b5884/Coffee%2520Consumption.csv

The data table contains the following columns: Year, Country, Domestic Consumption,Exports,Import Price,Export Price,Total Production.",D3,static view
2,line chart,"Now you have the dataset in CSV format: https://gist.githubusercontent.com/FFFFFancy/8401c4fbc9fa979f342598b002449931/raw/9cb3aef8b2bfe83a01e218193b6e03e8b89b5884/Coffee%2520Consumption.csv

The data table contains the following columns: Year, Country, Domestic Consumption,Exports,Import Price,Export Price,Total Production.
Your task is to create a Line Chart that visualizes the trend of Domestic Consumption over the Year for each Country.
Use the following visualization library: D3.
Use the following format:
code: (The code should be complete. And the HTML structure and code should be merged together.)
Please provide only the codes written in the specified library with no other words.
Hint: You can use the `d3.csv()` function to load data; when iterating over the data and converting data types, be sure to use square brackets to access property names that contain special characters (such as spaces or symbols).","https://gist.githubusercontent.com/FFFFFancy/8401c4fbc9fa979f342598b002449931/raw/9cb3aef8b2bfe83a01e218193b6e03e8b89b5884/Coffee%2520Consumption.csv

The data table contains the following columns: Year, Country, Domestic Consumption,Exports,Import Price,Export Price,Total Production.",D3,static view
3,bar chart,"Now you have the dataset in CSV format: https://gist.githubusercontent.com/FFFFFancy/8401c4fbc9fa979f342598b002449931/raw/9cb3aef8b2bfe83a01e218193b6e03e8b89b5884/Coffee%2520Consumption.csv

The data table contains the following columns: Year, Country, Domestic Consumption,Exports,Import Price,Export Price,Total Production.
Your task is to create a Bar Chart that visualizes the Domestic Consumption for each Country in 2017.
Use the following visualization library: D3.
Use the following format:
code: (The code should be complete. And the HTML structure and code should be merged together.)
Please provide only the codes written in the specified library with no other words.
Hint: You can use the `d3.csv()` function to load data; when iterating over the data and converting data types, be sure to use square brackets to access property names that contain special characters (such as spaces or symbols).","https://gist.githubusercontent.com/FFFFFancy/8401c4fbc9fa979f342598b002449931/raw/9cb3aef8b2bfe83a01e218193b6e03e8b89b5884/Coffee%2520Consumption.csv

The data table contains the following columns: Year, Country, Domestic Consumption,Exports,Import Price,Export Price,Total Production.",D3,static view
4,pie chart,"Now you have the dataset in CSV format: https://gist.githubusercontent.com/FFFFFancy/8401c4fbc9fa979f342598b002449931/raw/9cb3aef8b2bfe83a01e218193b6e03e8b89b5884/Coffee%2520Consumption.csv

The data table contains the following columns: Year, Country, Domestic Consumption,Exports,Import Price,Export Price,Total Production.
Your task is to create a Pie Chart that visualizes the proportion of Domestic Consumption contributed by each Country in 2017.
Use the following visualization library: D3.
Use the following format:
code: (The code should be complete. And the HTML structure and code should be merged together.)
Please provide only the codes written in the specified library with no other words.
Hint: You can use the `d3.csv()` function to load data; when iterating over the data and converting data types, be sure to use square brackets to access property names that contain special characters (such as spaces or symbols).","https://gist.githubusercontent.com/FFFFFancy/8401c4fbc9fa979f342598b002449931/raw/9cb3aef8b2bfe83a01e218193b6e03e8b89b5884/Coffee%2520Consumption.csv

The data table contains the following columns: Year, Country, Domestic Consumption,Exports,Import Price,Export Price,Total Production.",D3,static view
5,donut chart,"Now you have the dataset in CSV format: https://gist.githubusercontent.com/FFFFFancy/8401c4fbc9fa979f342598b002449931/raw/9cb3aef8b2bfe83a01e218193b6e03e8b89b5884/Coffee%2520Consumption.csv

The data table contains the following columns: Year, Country, Domestic Consumption,Exports,Import Price,Export Price,Total Production.
Your task is to create a Donut Chart that visualizes the distribution of Domestic Consumption among Country in 2017.
Use the following visualization library: D3.
Use the following format:
code: (The code should be complete. And the HTML structure and code should be merged together.)
Please provide only the codes written in the specified library with no other words.
Hint: You can use the `d3.csv()` function to load data; when iterating over the data and converting data types, be sure to use square brackets to access property names that contain special characters (such as spaces or symbols).","https://gist.githubusercontent.com/FFFFFancy/8401c4fbc9fa979f342598b002449931/raw/9cb3aef8b2bfe83a01e218193b6e03e8b89b5884/Coffee%2520Consumption.csv

The data table contains the following columns: Year, Country, Domestic Consumption,Exports,Import Price,Export Price,Total Production.",D3,static view
6,coxcomb chart,"Now you have the dataset in CSV format: https://gist.githubusercontent.com/FFFFFancy/8401c4fbc9fa979f342598b002449931/raw/9cb3aef8b2bfe83a01e218193b6e03e8b89b5884/Coffee%2520Consumption.csv

The data table contains the following columns: Year, Country, Domestic Consumption,Exports,Import Price,Export Price,Total Production.
Your task is to create a Coxcomb Chart(polar area chart) to compare the Domestic Consumption of different Country in 2017.
Use the following visualization library: D3.
Use the following format:
code: (The code should be complete. And the HTML structure and code should be merged together.)
Please provide only the codes written in the specified library with no other words.
Hint: You can use the `d3.csv()` function to load data; when iterating over the data and converting data types, be sure to use square brackets to access property names that contain special characters (such as spaces or symbols).","https://gist.githubusercontent.com/FFFFFancy/8401c4fbc9fa979f342598b002449931/raw/9cb3aef8b2bfe83a01e218193b6e03e8b89b5884/Coffee%2520Consumption.csv

The data table contains the following columns: Year, Country, Domestic Consumption,Exports,Import Price,Export Price,Total Production.",D3,static view
7,radar chart,"Now you have the dataset in CSV format: https://gist.githubusercontent.com/FFFFFancy/8401c4fbc9fa979f342598b002449931/raw/9cb3aef8b2bfe83a01e218193b6e03e8b89b5884/Coffee%2520Consumption.csv

The data table contains the following columns: Year, Country, Domestic Consumption,Exports,Import Price,Export Price,Total Production.
Your task is to create a Radar Chart to compare the Domestic Consumption of different Country in 2017.
Use the following visualization library: D3.
Use the following format:
code: (The code should be complete. And the HTML structure and code should be merged together.)
Please provide only the codes written in the specified library with no other words.
Hint: You can use the `d3.csv()` function to load data; when iterating over the data and converting data types, be sure to use square brackets to access property names that contain special characters (such as spaces or symbols).","https://gist.githubusercontent.com/FFFFFancy/8401c4fbc9fa979f342598b002449931/raw/9cb3aef8b2bfe83a01e218193b6e03e8b89b5884/Coffee%2520Consumption.csv

The data table contains the following columns: Year, Country, Domestic Consumption,Exports,Import Price,Export Price,Total Production.",D3,static view
8,streamgraph,"Now you have the dataset in CSV format: https://gist.githubusercontent.com/FFFFFancy/8401c4fbc9fa979f342598b002449931/raw/9cb3aef8b2bfe83a01e218193b6e03e8b89b5884/Coffee%2520Consumption.csv

The data table contains the following columns: Year, Country, Domestic Consumption,Exports,Import Price,Export Price,Total Production.
Your task is to create a Streamgraph that visualizes the changes of Domestic Consumption over the Year for each Country.
Use the following visualization library: D3.
Use the following format:
code: (The code should be complete. And the HTML structure and code should be merged together.)
Please provide only the codes written in the specified library with no other words.
Hint: You can use the `d3.csv()` function to load data; when iterating over the data and converting data types, be sure to use square brackets to access property names that contain special characters (such as spaces or symbols).","https://gist.githubusercontent.com/FFFFFancy/8401c4fbc9fa979f342598b002449931/raw/9cb3aef8b2bfe83a01e218193b6e03e8b89b5884/Coffee%2520Consumption.csv

The data table contains the following columns: Year, Country, Domestic Consumption,Exports,Import Price,Export Price,Total Production.",D3,static view
9,slopegraph,"Now you have the dataset in CSV format: https://gist.githubusercontent.com/FFFFFancy/8401c4fbc9fa979f342598b002449931/raw/9cb3aef8b2bfe83a01e218193b6e03e8b89b5884/Coffee%2520Consumption.csv

The data table contains the following columns: Year, Country, Domestic Consumption,Exports,Import Price,Export Price,Total Production.
Your task is to create a Slopegraph to compare the Domestic Consumption between 2018 and 2019 for each Country.
Use the following visualization library: D3.
Use the following format:
code: (The code should be complete. And the HTML structure and code should be merged together.)
Please provide only the codes written in the specified library with no other words.
Hint: You can use the `d3.csv()` function to load data; when iterating over the data and converting data types, be sure to use square brackets to access property names that contain special characters (such as spaces or symbols).","https://gist.githubusercontent.com/FFFFFancy/8401c4fbc9fa979f342598b002449931/raw/9cb3aef8b2bfe83a01e218193b6e03e8b89b5884/Coffee%2520Consumption.csv

The data table contains the following columns: Year, Country, Domestic Consumption,Exports,Import Price,Export Price,Total Production.",D3,static view
10,heatmap,"Now you have the dataset in CSV format: https://gist.githubusercontent.com/FFFFFancy/8401c4fbc9fa979f342598b002449931/raw/9cb3aef8b2bfe83a01e218193b6e03e8b89b5884/Coffee%2520Consumption.csv

The data table contains the following columns: Year, Country, Domestic Consumption,Exports,Import Price,Export Price,Total Production.
Your task is to create a Heatmap that visualizes the Domestic Consumption across Country and Years.
Use the following visualization library: D3.
Use the following format:
code: (The code should be complete. And the HTML structure and code should be merged together.)
Please provide only the codes written in the specified library with no other words.
Hint: You can use the `d3.csv()` function to load data; when iterating over the data and converting data types, be sure to use square brackets to access property names that contain special characters (such as spaces or symbols).","https://gist.githubusercontent.com/FFFFFancy/8401c4fbc9fa979f342598b002449931/raw/9cb3aef8b2bfe83a01e218193b6e03e8b89b5884/Coffee%2520Consumption.csv

The data table contains the following columns: Year, Country, Domestic Consumption,Exports,Import Price,Export Price,Total Production.",D3,static view
11,bar chart,"Now you have the dataset in CSV format: https://gist.githubusercontent.com/FFFFFancy/8401c4fbc9fa979f342598b002449931/raw/9cb3aef8b2bfe83a01e218193b6e03e8b89b5884/Coffee%2520Consumption.csv

The data table contains the following columns: Year, Country, Domestic Consumption,Exports,Import Price,Export Price,Total Production.
Your task is to create a Stacked Bar Chart that visualizes the given data table.
Use the following visualization library: D3.
Use the following format:
code: (The code should be complete. And the HTML structure and code should be merged together.)
Please provide only the codes written in the specified library with no other words.
Hint: You can use the `d3.csv()` function to load data; when iterating over the data and converting data types, be sure to use square brackets to access property names that contain special characters (such as spaces or symbols).","https://gist.githubusercontent.com/FFFFFancy/8401c4fbc9fa979f342598b002449931/raw/9cb3aef8b2bfe83a01e218193b6e03e8b89b5884/Coffee%2520Consumption.csv

The data table contains the following columns: Year, Country, Domestic Consumption,Exports,Import Price,Export Price,Total Production.",D3,static view
12,bar chart,"Now you have the dataset in CSV format: https://gist.githubusercontent.com/FFFFFancy/8401c4fbc9fa979f342598b002449931/raw/9cb3aef8b2bfe83a01e218193b6e03e8b89b5884/Coffee%2520Consumption.csv

The data table contains the following columns: Year, Country, Domestic Consumption,Exports,Import Price,Export Price,Total Production.
Your task is to create a Horizontal Bar Chart that visualizes the Domestic Consumption for each Country in 2017.
Use the following visualization library: D3.
Use the following format:
code: (The code should be complete. And the HTML structure and code should be merged together.)
Please provide only the codes written in the specified library with no other words.
Hint: You can use the `d3.csv()` function to load data; when iterating over the data and converting data types, be sure to use square brackets to access property names that contain special characters (such as spaces or symbols).","https://gist.githubusercontent.com/FFFFFancy/8401c4fbc9fa979f342598b002449931/raw/9cb3aef8b2bfe83a01e218193b6e03e8b89b5884/Coffee%2520Consumption.csv

The data table contains the following columns: Year, Country, Domestic Consumption,Exports,Import Price,Export Price,Total Production.",D3,static view
